"gene","target.u","comparison.u","target.sum","comparison.sum","log.target.u","log.comparison.u","pval","fc","fc.disp","target.sum.L","target.sum.R","target.sum.per.100k","target.sum.L.per.100k","target.sum.R.per.100k","fc.thresh","pval.thresh","amt.thresh","user.selected","expr.pass"
"Rxfp1",0.000217568120605807,9.46084391450033e-06,2794,2593,3.13549421592915,0.693147180559945,0,2.4423470353692,11.5,2691,2898,22.0614506943553,21.2481617102757,22.8826356879892,TRUE,TRUE,TRUE,FALSE,TRUE
"Cux2",0.000162075488294619,1.19623700468694e-05,2096,2961,2.83321334405622,0.693147180559945,0,2.14006616349627,8.5,2007,2186,16.5500360255436,15.8472911752223,17.260676885419,TRUE,TRUE,TRUE,FALSE,TRUE
"Igfbp6",0.000151709230893167,1.12363855864794e-05,1996,4157,2.77258872223978,0.693147180559945,0,2.07944154167984,8,1909,2084,15.7604350701264,15.0734822389135,16.4552839108935,TRUE,TRUE,TRUE,FALSE,TRUE
"Rims3",0.000133133069747672,1.47770749941402e-05,1706,3874,2.63905732961526,0.693147180559945,0,1.94591014905531,7,1626,1787,13.4705922994167,12.838911535083,14.1101690733046,TRUE,TRUE,TRUE,FALSE,TRUE
"Klf5",0.000115616587384882,9.2602003297098e-06,1474,2566,2.56494935746154,0.693147180559945,0,1.87180217690159,6.5,1399,1550,11.6387180828489,11.046517366286,12.2388148089659,TRUE,TRUE,TRUE,FALSE,TRUE
